{"organisation":"TUA_PHIDU","name":"phidu_admissions_principal_diagnosis_persons_lga_2016_17","title":"PHIDU - Admissions - Principal Diagnosis: Persons  (LGA) 2016-2017","legal":{"copyrightYear":"2018","attributionYear":"2018","attribution":"{datasource.organisationTitle}, ({dataset.attributionYear}): {dataset.title}; accessed from AURIN Portal on {dateOfAccess}.","clickthrough":false,"licenceType":"Creative Commons Attribution-NonCommercial-ShareAlike 3.0 Australia (CC BY-NC-SA 3.0 AU)","copyrightNotice":"&copy; {datasource.organisationTitle} {dataset.copyrightYear}"},"referenceSystemIdentifier":"urn:x-ogc:def:crs:EPSG:4283","geoLevel":"lga2016","key":"lga_code16","keyRegex":null,"availability":null,"geomField":"the_geom","keyword":"health,social health atlas,phidu,social,aggregation,Public Health Information Development Unit,admissions,hospital,","theme":null,"temporalExtent":null,"type":"dataset","_id":null,"bbox":null,"abstract":"This dataset, released November 2018, contains data relating to hospital admissions during 2016-2017 by principal diagnosis of: Parasitic disease, cancer, Blood-organ disease, metabolic disease, mental health disease, nervous system disease, eye disease, ear disease, circulatory system disease, respiratory system disease, digestive system disease, skin disease, musculoskeletal disease, genitourinary system disease, perinatal condition, congenital deformations and external causes. The data is by Local Government Area (LGA) 2016 geographic boundaries.<br/><br/>\n\nFor more information please see the <a href=\"http://www.phidu.torrens.edu.au/current/data/sha-aust/notes/phidu_data_sources_notes.pdf\" target=\"_blank\">data source notes</a> on the data. <br/><br/>\n\nSource: Compiled by PHIDU using data from the Australian Institute of Health and Welfare, supplied on behalf of State\nand Territory health departments for 2016/17; and the ABS Estimated Resident Population, 30 June 2016.<br/><br/>\n\nPlease note:\n\n\n<ul>\n<li>AURIN has spatially enabled the <a href=\"http://phidu.torrens.edu.au/social-health-atlases/data#social-health-atlas-of-australia-population-health-areas\" target=\"_blank\">original data</a>.</li>\n<li>\"*\" - Indicates statistically significant, at the 95% confidence level.</li>\n<li>\"**\" - Indicates statistically significant, at the 99% confidence level.</li>\n<li>\"~\" - Indicates modelled estimates have Relative Root Mean Square Errors (RRMSEs) from 0.25 to 0.50 and should be used with caution.</li>\n<li>\"~~\" - Indicates modelled estimates have RRMSEs greater than 0.50 but less than 1 and are considered too unreliable for general use.</li>\n<li>'?' - Indicates modelled estimates are considered too unreliable.\n<li>Blank cell - Indicates data was not shown/not applicable/not published/not available for the specific area ('#', '..', '^', 'np, 'n.a.', 'n.y.a.' in original PHIDU data).</li>\n</ul>\n\n\n<br/>Abbreviation Information:\n<ul>\n<li>\"ASR per #\" - Indirectly age-standardised rate per specified population.</li>\n<li>\"SR\" - Indirectly age-standardised ratio.</li>","selectedAttributes":[{"name":"lga_code16","type":"String","title":"LGA Code 2016","description":"lga_code16","isDimension":false},{"name":"lga_name16","type":"String","title":"LGA Name 2016","description":"lga_name16","isDimension":false},{"name":"admis_stroke_p_pub_hosps_2016_17_sr","type":"Integer","title":"Admissions For Stroke, Persons - Public Hospitals* 2016/17 Sr","description":"Admissions For Stroke, Persons - Public Hospitals* 2016/17 Sr.","stype":"ratio","isDimension":false},{"name":"admis_stroke_p_pub_hosps_2016_17_sig","type":"String","title":"Admissions For Stroke, Persons - Public Hospitals* 2016/17 Sig.","description":"Admissions For Stroke, Persons - Public Hospitals* 2016/17 Sig..","stype":"ratio","isDimension":false},{"name":"admis_stroke_p_pub_hosps_2016_17_num","type":"Integer","title":"Admissions For Stroke, Persons - Public Hospitals* 2016/17 Number","description":"Admissions For Stroke, Persons - Public Hospitals* 2016/17 Number.","stype":"ratio","isDimension":false},{"name":"admis_stroke_p_pub_hosps_2016_17_asr_100k","type":"Double","title":"Admissions For Stroke, Persons - Public Hospitals* 2016/17 Asr Per 100,000","description":"Admissions For Stroke, Persons - Public Hospitals* 2016/17 Asr Per 100,000.","stype":"ratio","isDimension":false},{"name":"admis_stroke_p_all_hosps_2016_17_sr","type":"Integer","title":"Admissions For Stroke, Persons - All Hospitals 2016/17 Sr","description":"Admissions For Stroke, Persons - All Hospitals 2016/17 Sr.","stype":"ratio","isDimension":false},{"name":"admis_stroke_p_all_hosps_2016_17_sig","type":"String","title":"Admissions For Stroke, Persons - All Hospitals 2016/17 Sig.","description":"Admissions For Stroke, Persons - All Hospitals 2016/17 Sig..","stype":"ratio","isDimension":false},{"name":"admis_stroke_p_all_hosps_2016_17_num","type":"Integer","title":"Admissions For Stroke, Persons - All Hospitals 2016/17 Number","description":"Admissions For Stroke, Persons - All Hospitals 2016/17 Number.","stype":"ratio","isDimension":false},{"name":"admis_stroke_p_all_hosps_2016_17_asr_100k","type":"Double","title":"Admissions For Stroke, Persons - All Hospitals 2016/17 Asr Per 100,000","description":"Admissions For Stroke, Persons - All Hospitals 2016/17 Asr Per 100,000.","stype":"ratio","isDimension":false},{"name":"admis_resp_sys_dise_p_pub_hosps_2016_17_sr","type":"Integer","title":"Admissions For Respiratory System Diseases, Persons - Public Hospitals* 2016/17 Sr","description":"Admissions For Respiratory System Diseases, Persons - Public Hospitals* 2016/17 Sr.","stype":"ratio","isDimension":false},{"name":"admis_resp_sys_dise_p_pub_hosps_2016_17_sig","type":"String","title":"Admissions For Respiratory System Diseases, Persons - Public Hospitals* 2016/17 Sig.","description":"Admissions For Respiratory System Diseases, Persons - Public Hospitals* 2016/17 Sig..","stype":"ratio","isDimension":false},{"name":"admis_resp_sys_dise_p_pub_hosps_2016_17_num","type":"Integer","title":"Admissions For Respiratory System Diseases, Persons - Public Hospitals* 2016/17 Number","description":"Admissions For Respiratory System Diseases, Persons - Public Hospitals* 2016/17 Number.","stype":"ratio","isDimension":false},{"name":"admis_resp_sys_dise_p_pub_hosps_2016_17_asr_100k","type":"Double","title":"Admissions For Respiratory System Diseases, Persons - Public Hospitals* 2016/17 Asr Per 100,000","description":"Admissions For Respiratory System Diseases, Persons - Public Hospitals* 2016/17 Asr Per 100,000.","stype":"ratio","isDimension":false},{"name":"admis_resp_sys_dise_p_all_hosps_2016_17_sr","type":"Integer","title":"Admissions For Respiratory System Diseases, Persons - All Hospitals 2016/17 Sr","description":"Admissions For Respiratory System Diseases, Persons - All Hospitals 2016/17 Sr.","stype":"ratio","isDimension":false},{"name":"admis_resp_sys_dise_p_all_hosps_2016_17_sig","type":"String","title":"Admissions For Respiratory System Diseases, Persons - All Hospitals 2016/17 Sig.","description":"Admissions For Respiratory System Diseases, Persons - All Hospitals 2016/17 Sig..","stype":"ratio","isDimension":false},{"name":"admis_resp_sys_dise_p_all_hosps_2016_17_num","type":"Integer","title":"Admissions For Respiratory System Diseases, Persons - All Hospitals 2016/17 Number","description":"Admissions For Respiratory System Diseases, Persons - All Hospitals 2016/17 Number.","stype":"ratio","isDimension":false},{"name":"admis_resp_sys_dise_p_all_hosps_2016_17_asr_100k","type":"Double","title":"Admissions For Respiratory System Diseases, Persons - All Hospitals 2016/17 Asr Per 100,000","description":"Admissions For Respiratory System Diseases, Persons - All Hospitals 2016/17 Asr Per 100,000.","stype":"ratio","isDimension":false},{"name":"admis_isch_hrt_dise_p_pub_hosps_2016_17_sr","type":"Integer","title":"Admissions For Ischaemic Heart Disease, Persons - Public Hospitals* 2016/17 Sr","description":"Admissions For Ischaemic Heart Disease, Persons - Public Hospitals* 2016/17 Sr.","stype":"ratio","isDimension":false},{"name":"admis_isch_hrt_dise_p_pub_hosps_2016_17_sig","type":"String","title":"Admissions For Ischaemic Heart Disease, Persons - Public Hospitals* 2016/17 Sig.","description":"Admissions For Ischaemic Heart Disease, Persons - Public Hospitals* 2016/17 Sig..","stype":"ratio","isDimension":false},{"name":"admis_isch_hrt_dise_p_pub_hosps_2016_17_num","type":"Integer","title":"Admissions For Ischaemic Heart Disease, Persons - Public Hospitals* 2016/17 Number","description":"Admissions For Ischaemic Heart Disease, Persons - Public Hospitals* 2016/17 Number.","stype":"ratio","isDimension":false},{"name":"admis_isch_hrt_dise_p_pub_hosps_2016_17_asr_100k","type":"Double","title":"Admissions For Ischaemic Heart Disease, Persons - Public Hospitals* 2016/17 Asr Per 100,000","description":"Admissions For Ischaemic Heart Disease, Persons - Public Hospitals* 2016/17 Asr Per 100,000.","stype":"ratio","isDimension":false},{"name":"admis_isch_hrt_dise_p_all_hosps_2016_17_sr","type":"Integer","title":"Admissions For Ischaemic Heart Disease, Persons - All Hospitals 2016/17 Sr","description":"Admissions For Ischaemic Heart Disease, Persons - All Hospitals 2016/17 Sr.","stype":"ratio","isDimension":false},{"name":"admis_isch_hrt_dise_p_all_hosps_2016_17_sig","type":"String","title":"Admissions For Ischaemic Heart Disease, Persons - All Hospitals 2016/17 Sig.","description":"Admissions For Ischaemic Heart Disease, Persons - All Hospitals 2016/17 Sig..","stype":"ratio","isDimension":false},{"name":"admis_isch_hrt_dise_p_all_hosps_2016_17_num","type":"Integer","title":"Admissions For Ischaemic Heart Disease, Persons - All Hospitals 2016/17 Number","description":"Admissions For Ischaemic Heart Disease, Persons - All Hospitals 2016/17 Number.","stype":"ratio","isDimension":false},{"name":"admis_isch_hrt_dise_p_all_hosps_2016_17_asr_100k","type":"Double","title":"Admissions For Ischaemic Heart Disease, Persons - All Hospitals 2016/17 Asr Per 100,000","description":"Admissions For Ischaemic Heart Disease, Persons - All Hospitals 2016/17 Asr Per 100,000.","stype":"ratio","isDimension":false},{"name":"admis_copd_copd_p_pub_hosps_2016_17_sr","type":"Integer","title":"Admissions For Chronic Obstructive Pulmonary Disease (Copd), Persons - Public Hospitals* 2016/17 Sr","description":"Admissions For Chronic Obstructive Pulmonary Disease (Copd), Persons - Public Hospitals* 2016/17 Sr.","stype":"ratio","isDimension":false},{"name":"admis_copd_copd_p_pub_hosps_2016_17_sig","type":"String","title":"Admissions For Chronic Obstructive Pulmonary Disease (Copd), Persons - Public Hospitals* 2016/17 Sig.","description":"Admissions For Chronic Obstructive Pulmonary Disease (Copd), Persons - Public Hospitals* 2016/17 Sig..","stype":"ratio","isDimension":false},{"name":"admis_copd_copd_p_pub_hosps_2016_17_num","type":"Integer","title":"Admissions For Chronic Obstructive Pulmonary Disease (Copd), Persons - Public Hospitals* 2016/17 Number","description":"Admissions For Chronic Obstructive Pulmonary Disease (Copd), Persons - Public Hospitals* 2016/17 Number.","stype":"ratio","isDimension":false},{"name":"admis_copd_copd_p_pub_hosps_2016_17_asr_100k_m","type":"Double","title":"Admissions For Chronic Obstructive Pulmonary Disease (Copd), Persons - Public Hospitals* 2016/17 Asr Per 100,000 Males","description":"Admissions For Chronic Obstructive Pulmonary Disease (Copd), Persons - Public Hospitals* 2016/17 Asr Per 100,000 Males.","stype":"ratio","isDimension":false},{"name":"admis_copd_copd_p_all_hosps_2016_17_sr","type":"Integer","title":"Admissions For Chronic Obstructive Pulmonary Disease (Copd), Persons - All Hospitals 2016/17 Sr","description":"Admissions For Chronic Obstructive Pulmonary Disease (Copd), Persons - All Hospitals 2016/17 Sr.","stype":"ratio","isDimension":false},{"name":"admis_copd_copd_p_all_hosps_2016_17_sig","type":"String","title":"Admissions For Chronic Obstructive Pulmonary Disease (Copd), Persons - All Hospitals 2016/17 Sig.","description":"Admissions For Chronic Obstructive Pulmonary Disease (Copd), Persons - All Hospitals 2016/17 Sig..","stype":"ratio","isDimension":false},{"name":"admis_copd_copd_p_all_hosps_2016_17_num","type":"Integer","title":"Admissions For Chronic Obstructive Pulmonary Disease (Copd), Persons - All Hospitals 2016/17 Number","description":"Admissions For Chronic Obstructive Pulmonary Disease (Copd), Persons - All Hospitals 2016/17 Number.","stype":"ratio","isDimension":false},{"name":"admis_copd_copd_p_all_hosps_2016_17_asr_100k_m","type":"Double","title":"Admissions For Chronic Obstructive Pulmonary Disease (Copd), Persons - All Hospitals 2016/17 Asr Per 100,000 Males","description":"Admissions For Chronic Obstructive Pulmonary Disease (Copd), Persons - All Hospitals 2016/17 Asr Per 100,000 Males.","stype":"ratio","isDimension":false},{"name":"admis_asthma_p_pub_hosps_2016_17_sr","type":"Integer","title":"Admissions For Asthma, Persons - Public Hospitals* 2016/17 Sr","description":"Admissions For Asthma, Persons - Public Hospitals* 2016/17 Sr.","stype":"ratio","isDimension":false},{"name":"admis_asthma_p_pub_hosps_2016_17_sig","type":"String","title":"Admissions For Asthma, Persons - Public Hospitals* 2016/17 Sig.","description":"Admissions For Asthma, Persons - Public Hospitals* 2016/17 Sig..","stype":"ratio","isDimension":false},{"name":"admis_asthma_p_pub_hosps_2016_17_num","type":"Integer","title":"Admissions For Asthma, Persons - Public Hospitals* 2016/17 Number","description":"Admissions For Asthma, Persons - Public Hospitals* 2016/17 Number.","stype":"ratio","isDimension":false},{"name":"admis_asthma_p_pub_hosps_2016_17_asr_100k_m","type":"Double","title":"Admissions For Asthma, Persons - Public Hospitals* 2016/17 Asr Per 100,000 Males","description":"Admissions For Asthma, Persons - Public Hospitals* 2016/17 Asr Per 100,000 Males.","stype":"ratio","isDimension":false},{"name":"admis_asthma_p_all_hosps_2016_17_sr","type":"Integer","title":"Admissions For Asthma, Persons - All Hospitals 2016/17 Sr","description":"Admissions For Asthma, Persons - All Hospitals 2016/17 Sr.","stype":"ratio","isDimension":false},{"name":"admis_asthma_p_all_hosps_2016_17_sig","type":"String","title":"Admissions For Asthma, Persons - All Hospitals 2016/17 Sig.","description":"Admissions For Asthma, Persons - All Hospitals 2016/17 Sig..","stype":"ratio","isDimension":false},{"name":"admis_asthma_p_all_hosps_2016_17_num","type":"Integer","title":"Admissions For Asthma, Persons - All Hospitals 2016/17 Number","description":"Admissions For Asthma, Persons - All Hospitals 2016/17 Number.","stype":"ratio","isDimension":false},{"name":"admis_asthma_p_all_hosps_2016_17_asr_100k_m","type":"Double","title":"Admissions For Asthma, Persons - All Hospitals 2016/17 Asr Per 100,000 Males","description":"Admissions For Asthma, Persons - All Hospitals 2016/17 Asr Per 100,000 Males.","stype":"ratio","isDimension":false},{"name":"feature_code","type":"java.lang.String","title":"Code of Geographic feature","stype":"Nominal","description":"","isDimension":false},{"name":"feature_name","type":"java.lang.String","title":"Name of Geographic feature","stype":"Nominal","description":"","isDimension":false},{"name":"the_geom","type":"com.vividsolutions.jts.geom.MultiPolygon","title":"Geometry","stype":"Nominal","description":"","isDimension":false}],"filter":null}