{"organisation":"TUA_PHIDU","name":"phidu_admissions_principal_diagnosis_persons_lga_2014_15","title":"PHIDU - Admissions - Principal Diagnosis: Persons  (LGA) 2014-2015","legal":{"copyrightYear":"2018","attributionYear":"2018","attribution":"{datasource.organisationTitle}, ({dataset.attributionYear}): {dataset.title}; accessed from AURIN Portal on {dateOfAccess}.","clickthrough":false,"licenceType":"Creative Commons Attribution-NonCommercial-ShareAlike 3.0 Australia (CC BY-NC-SA 3.0 AU)","copyrightNotice":"&copy; {datasource.organisationTitle} {dataset.copyrightYear}"},"referenceSystemIdentifier":"urn:x-ogc:def:crs:EPSG:4283","geoLevel":"lga2016","key":"lga_code","keyRegex":null,"availability":null,"geomField":"the_geom","keyword":"health,social health atlas,phidu,social,aggregation,Public Health Information Development Unit,admissions,hospital,","theme":null,"temporalExtent":null,"type":"dataset","_id":null,"bbox":null,"abstract":"This dataset, released December 2017, contains data relating to hospital admissions during 2014-2015 by principal diagnosis of: Parasitic disease, cancer, Blood-organ disease, metabolic disease, nervous system disease, eye disease, ear disease, circulatory system disease, respiratory system disease, digestive system disease, skin disease, musculoskeletal disease, genitourinary system disease, perinatal condition, congenital deformations and external causes. The data is by Local Government Area (LGA) 2016 geographic boundaries.<br/><br/>\n\nFor more information please see the <a href=\"http://phidu.torrens.edu.au/data-archive/sha-aust/2015-onwards/phidu_data_sources_notes_2017.pdf\" target=\"_blank\">data source notes</a> on the data. <br/><br/>\n\nSource: Compiled by PHIDU using data from the Australian Institute of Health and Welfare, supplied on behalf of State\nand Territory health departments for 2014/15; and the average of the ABS Estimated Resident Population, 30 June 2014\nand 2015.<br/><br/>\n\nPlease note:\n\n\n<ul>\n<li>AURIN has spatially enabled the <a href=\"http://phidu.torrens.edu.au/social-health-atlases/data-archive/data-archive-social-health-atlases-of-australia#social-health-atlas-of-australia-data-released-april-june-september-december-2017-by-population-health-area-local-government-area-and-primary-health-network\" target=\"_blank\">original data</a>.</li>\n<li>\"*\" - Indicates statistically significant, at the 95% confidence level.</li>\n<li>\"**\" - Indicates statistically significant, at the 99% confidence level.</li>\n<li>\"~\" - Indicates modelled estimates have Relative Root Mean Square Errors (RRMSEs) from 0.25 to 0.50 and should be used with caution.</li>\n<li>\"~~\" - Indicates modelled estimates have RRMSEs greater than 0.50 but less than 1 and are considered too unreliable for general use.</li>\n<li>'?' - Indicates modelled estimates are considered too unreliable.\n<li>Blank cell - Indicates data was not shown/not applicable/not published/not available for the specific area ('#', '..', '^', 'np, 'n.a.', 'n.y.a.' in original PHIDU data).</li>\n</ul>\n\n\n<br/>Abbreviation Information:\n<ul>\n<li>\"ASR per #\" - Indirectly age-standardised rate per specified population.</li>\n<li>\"SR\" - Indirectly age-standardised ratio.</li>","selectedAttributes":[{"name":"lga_code","type":"String","title":"LGA Code 2016","description":"lga_code","stype":"nominal","isDimension":false},{"name":"lga_name","type":"String","title":"LGA Name 2016","description":"lga_name","stype":"nominal","isDimension":false},{"name":"admis_resp_sys_dise_p_pub_hosps_2014_15_sr","type":"Integer","title":"Admissions For Respiratory System Diseases, Persons - Public Hospitals 2014/15 SR","description":"admis_resp_sys_dise_p_pub_hosps_2014_15_sr","stype":"ratio","isDimension":false},{"name":"admis_resp_sys_dise_p_pub_hosps_2014_15_sig","type":"String","title":"Admissions For Respiratory System Diseases, Persons - Public Hospitals 2014/15 Sig.","description":"admis_resp_sys_dise_p_pub_hosps_2014_15_sig","stype":"ratio","isDimension":false},{"name":"admis_resp_sys_dise_p_pub_hosps_2014_15_num","type":"Integer","title":"Admissions For Respiratory System Diseases, Persons - Public Hospitals 2014/15 Number","description":"admis_resp_sys_dise_p_pub_hosps_2014_15_num","stype":"ratio","isDimension":false},{"name":"admis_resp_sys_dise_p_pub_hosps_2014_15_asr_100000","type":"Double","title":"Admissions For Respiratory System Diseases, Persons - Public Hospitals 2014/15 ASR per 100,000","description":"admis_resp_sys_dise_p_pub_hosps_2014_15_asr_100000","stype":"ratio","isDimension":false},{"name":"admis_resp_sys_dise_p_all_hosps_2014_15_sr","type":"Integer","title":"Admissions For Respiratory System Diseases, Persons - All Hospitals 2014/15 SR","description":"admis_resp_sys_dise_p_all_hosps_2014_15_sr","stype":"ratio","isDimension":false},{"name":"admis_resp_sys_dise_p_all_hosps_2014_15_sig","type":"String","title":"Admissions For Respiratory System Diseases, Persons - All Hospitals 2014/15 Sig.","description":"admis_resp_sys_dise_p_all_hosps_2014_15_sig","stype":"ratio","isDimension":false},{"name":"admis_resp_sys_dise_p_all_hosps_2014_15_num","type":"Integer","title":"Admissions For Respiratory System Diseases, Persons - All Hospitals 2014/15 Number","description":"admis_resp_sys_dise_p_all_hosps_2014_15_num","stype":"ratio","isDimension":false},{"name":"admis_resp_sys_dise_p_all_hosps_2014_15_asr_100000","type":"Double","title":"Admissions For Respiratory System Diseases, Persons - All Hospitals 2014/15 ASR per 100,000","description":"admis_resp_sys_dise_p_all_hosps_2014_15_asr_100000","stype":"ratio","isDimension":false},{"name":"feature_code","type":"java.lang.String","title":"Code of Geographic feature","stype":"Nominal","description":"","isDimension":false},{"name":"feature_name","type":"java.lang.String","title":"Name of Geographic feature","stype":"Nominal","description":"","isDimension":false},{"name":"the_geom","type":"com.vividsolutions.jts.geom.MultiPolygon","title":"Geometry","stype":"Nominal","description":"","isDimension":false}],"filter":null}